question,attitude,content
時間能夠治愈傷痛嗎？,客觀、理性地分析,從心理學的角度來看，時間可以減少初始的傷痛和情感反應，但並不一定能完全消除。真正的治療在於個體如何處理、解讀和面對這些傷痛。
如何看待原諒和忘記？,分析及反思,原諒是一個內心的過程，幫助我們釋放怨恨和怒火。而忘記是時間與記憶的結果。理性上看，原諒有助於心理健康，但忘記可能需要時間和努力。
自己需要什麼來更好地面對這些問題和挑戰？,客觀地自我評估,需要自我意識、有效的策略、資源，以及一定的支援系統來助我於這些挑戰中進行面對。
和家人或朋友談論這些問題有幫助嗎？,根據實證資料分析, 根據心理學研究，與他人分享和討論問題可以提供情感支援，也有助於找到不同的解決方法。
如何重建被破裂的信任？,分析及建議,重建信任需要時間、真誠的道歉、一致的行為以及雙方的努力。從理性的角度來看，建立明確的溝通和設定期望是關鍵。
真正的朋友應該如何面對困難時期的對方？,客觀地定義真正的朋友,真正的朋友應該提供情感支援、耐心聆聽且給予建議。他們會在困難時期站在你身旁，不會避開或背叛。
人際關係中還有什麼可以學習的？,深度分析, 人際關係中，我們可以學習到溝通技巧、理解他人、設定界限以及如何有效地處理衝突。
有沒有書籍或電影可以對問題提供不同的見解或感受到安慰？,基於事實的推薦,"是的，有許多書籍和電影提供了關於人際關係、情感和心理健康的洞察。例如書籍""人際關係的心理學""或電影""Good Will Hunting""都提供了深入的反思。"
獨處還是繼續尋找新的人際關係？,平衡分析,獨處可以給予自我反思和休息的時間，但人是社交動物，新的人際關係可以帶來新的視野和支援。
如何避免未來再次出現類似的矛盾或困境？,系統性地提供策略,藉由增強自我意識、學習有效的溝通技巧、設定明確的期望和界限，並不斷地自我反省和學習。
面對關係中的破裂，有哪些自我安慰的方式？,事實基礎、詳細分析。,分析過去的關係可以找出其中的模式和學習經驗。自我安慰的方式有:反思關係中的正面時刻，以認識自己的價值。創建一個日記，寫下感受和想法，幫助自己理清楚情緒。與互相信賴的朋友或家人交談，取得外界的觀點。進行冥想或呼吸練習，集中注意力於當下。
是否認為每段關係的結束都有其意義或價值？,客觀理性。,是的，每段關係的結束都可提供學習和成長的機會。從過去的關係中，我們可以了解自己的需求、界限和價值觀。
有沒有人或事情可以讓人重新相信或珍惜人際關係？,注重分析思考。,是的，通常經過一段深度的自我反思或經歷有意義的人際互動，如與一位具有正面影響的人建立關係，可以讓人重新相信或珍惜人際關係。
原諒還是持有怨恨比較好？為什麼？,客觀理性。,從心理健康和身體健康的角度來看，原諒通常比持有怨恨更有益。持有怨恨可能導致長期的壓力和焦慮，而原諒可以釋放這些負面情緒。
什麼是維持健康人際關係的關鍵？,事實基礎、詳細分析。,健康人際關係的關鍵因素包括: 1)相互尊重 2)有效的溝通 3)設定清晰的界限 4)真誠的互動和回饋。
如何界定界限，以確保自己不被傷害?,注重分析思考。,界定界限的方法包括: 1)了解自己的價值觀和需求 2)與他人清晰、坦誠地交流自己的界限 3)在必要時堅定地維護自己的界限。
我覺得我的健康影響了我的日程生活。,謹慎、客觀分析,建議首先詳細記錄具體的健康問題以及其如何影響您的日常生活。再根據這些資料，尋求專業的醫學意見。理性分析是否日常習慣需要進行調整以改善健康狀況。
被診斷出某種疾病，不知道接下來該怎麼辦。,客觀、詳盡分析,建議您深入研究該疾病的資訊，與醫生深入討論治療選項。確定疾病的發展階段以及可能的治療方式，並計劃相應的醫療計劃。
不確定手術後的恢復過程或擔心手術的風險。,嚴謹、事實為本,詳細研究手術的程序、風險和恢復過程。與醫生進行充分的溝通，提出所有的疑慮，並要求具體的資訊以便作出明智的決策。
難以控制體重，尋求健康的減重方法。,客觀、綜合分析,分析體重增加的可能原因，如飲食習慣、運動量等。制定一個基於科學和健康原則的減重計劃。考慮尋求營養師或健身教練的幫助。
因健康問題導致的壓力和焦慮，需要心理支持。,謹慎、詳細考察,研究壓力和焦慮的成因，並考慮尋求心理治療的幫助。學習放鬆技巧和壓力管理方法，以助於心理健康。
因健康問題導致的生活不便，如無法自己走路或照顧自己。,實事求是、深入研究,考慮尋找專業的物理治療師或康復專家，進行詳細的評估。根據需要尋找助行工具或家居調整方案。
擔心高昂的醫療費用，尋求經濟援助或建議,客觀、全面分析,詳細列出醫療費用預算，研究保險和政府資助選項。考慮尋求社會工作師或相關組織的幫助，以獲得經濟援助。
在多種治療選項中難以選擇，需要建議或資訊。,嚴謹、事實為本,深入研究每種治療方法的效果和風險。與醫生深入討論，並根據自己的健康狀況和需求，做出合理的選擇。
擔心自己的疾病會遺傳給孩子。,客觀、詳細分析,研究該疾病的遺傳因素，並考慮進行遺傳諮詢。了解遺傳的概率和風險，以便做出明智的生育決策。
如何調整飲食、運動和休息，以改善健康。,客觀、綜合考量,分析目前的生活習慣，根據最新的營養和運動指南制定計劃。考慮尋求營養師或健身教練的專業意見，確保策略的效果和安全性。
因健康問題導致的性功能障礙。,從事實和細節出發，分析原因並尋找解決方案。,根據研究，性功能障礙可以由多種原因造成，包括荷爾蒙不平衡、藥物副作用、心血管問題等。首先建議您諮詢醫生確認具體原因，然後針對該原因進行治療或調整生活方式。
持續的失眠或其他睡眠障礙。, 對於失眠的原因進行深入分析，提供基於事實的建議。, 持續的失眠可能受到許多因素的影響，例如壓力、飲食、運動等。建議首先排除生活中的潛在干擾因素，如咖啡因攝取、晚上使用電子設備等，並嘗試放鬆身心，如練習冥想或聆聽放鬆音樂。
擔心自己的記憶或思考能力有所下降，如是否為早期的失智症。, 重視事實與數據，從科學角度分析。,記憶力或思考能力的下降可能是多種原因造成的，不一定是失智症。建議進行專業的神經心理評估，以確定是否存在問題並獲得相關建議。
因為某些健康問題而感到孤立，避免社交活動。,從事實出發，提供具體建議。,健康問題確實可能影響人們的社交活動和情緒。建議尋找支援團體或與心理健康專家諮詢，以獲得適當的指導和支持。
擔心同時服用的多種藥物可能產生不良的交互作用。,強調細節分析和資料蒐集。, 藥物交互作用是一個需要關注的問題。建議列出目前正在服用的所有藥物，並與藥師或醫生討論，以確保安全。
感到呼吸困難或心跳加速/不規則，不知道原因。,基於事實，迅速採取行動。,這些症狀可能與心臟或呼吸系統有關。建議您立即諮詢醫生，進行相關檢查確定原因。
不確定自己真正想要的是什麼，或是不確定自己在哪裡屬於。,客觀分析，梳理思路,你可以先列出自己過去喜歡和不喜歡的事情，分析它們之間的共同點和差異。透過細緻的分析，或許可以幫助你更加明確自己真正想要的是什麼，以及自己在哪裡最為適合。
感覺自己不夠好，對自己的價值產生質疑。,基於事實的自我評估, 每個人都有自己的價值和專長。透過客觀地分析自己的成就和努力，你可以更真實地看到自己的價值。避免將自己與他人比較，而是專注於自己的成長和進步。
不確定自己未來的方向，感到焦慮和不安。,冷靜思考，梳理方向,試著將你的未來想像成一個大方向，而不是一條明確的路徑。列出可能的選擇和每個選擇的利弊，這樣可以幫助你更加明確自己的方向。
過度關注他人的成就或狀態，導致對自己感到不滿或羨慕。,理性對待，重視自我, 他人的成就不代表你的價值。每個人的生活都有自己的節奏和特點。專注於自己的成長，而不是與他人比較，這是更有意義的。
突然對自己的信仰、價值觀或身份感到困惑或挑戰。,深入反思，理性分析,信仰和價值觀是可以進行深入探討的。透過閱讀、交流和反思，你可以更加明確自己的立場和信仰。
不確定或與社會的期望不符合的性別認同。,尊重自己，客觀分析,性別認同是非常個人化的體驗。試著去了解和接受自己，並尋求專業的幫助和支持，這樣可以幫助你更好地理解自己。
感到需要滿足他人或社會對自己的期望，而不是追隨自己的心意。,客觀分析，堅守自我,你的人生是屬於你自己的。透過分析自己真正想要的，你可以決定是否遵循社會的期望或追隨自己的心意。
與家族或文化背景的價值觀不合，導致身份認同的矛盾。,尊重差異，客觀分析,身份認同的形成是多元的。試著理解和尊重家族或文化背景的價值觀，同時也尋求自己的道路。
由於自己的身份或信仰而害怕被他人拒絕或疏遠。,理性面對，尋求支持,被拒絕或疏遠是一種經驗，而不是你身份或信仰的反映。找到理解和支持你的社群，這樣可以幫助你建立自信和力量。
不確定自己在職業生涯中的位置或方向,客觀分析，細緻規劃, 你可以先評估自己的專長和興趣，然後尋找相符合的職業方向。透過實際的經驗和學習，你可以逐漸明確自己在職業生涯中的位置和方向。
對自己的外觀或身體有不滿，這可能與自我價值感和自我認同有關。,客觀分析該情感的根源和解決方案。,該情感可能源於社會的期望或過去的經歷。為了真正理解和解決，需要進行深入的反思和分析。同時，建議尋求專業的意見以協助自己建立健康的自我價值感。
過去的經歷或創傷影響了自己的自我價值和認同。,理性地面對過去，並尋找方法克服。, 每個人都可能受到過去的經歷影響，但重要的是學會放下和前進。理解和接受自己的過去是重要的，同時尋找方法和策略以改善自己的自我價值和認同。
因自我認同或價值觀而感到與大多數人格格不入。,客觀分析差異的原因，並找到適當的應對策略。,這種感覺可能是因為社會的主流價值觀和自己不同。重要的是認識到每個人都是獨特的，並尋求和志同道合的人交往。
不清楚自己在哪些領域裡真正擅長或有價值。,進行深入的自我分析和評估。,可以透過各種方式如測驗、詢問他人意見或自我反思來找到自己的長處和價值。
害怕自己不能達到某種標準或期望，與自我價值感緊密相關。,理性地評估自己的能力和外界的期望。, 首先要明確自己的真正期望，然後合理地設定目標。同時，要學會接受自己的不完美。
過分基於他人的評價或期望來定義自己的價值，失去了自己的聲音和真正的自我。,深入分析此種依賴的原因，並尋找獨立的方法。,建議進行自我反思，並學習如何獨立思考。同時，應尋求專業的協助來增強自己的自主性和自信心。
因為即將到來的考試或繁重的作業感到焦慮，不知道如何有效地進行復習,客觀、理性地分析問題的根源和找出解決方法。,建議您先制定一個詳細的學習計劃，將大範疇分解成小節，每天專注於一個或幾個小節。定時休息可以提高效率。再者，記錄不清楚或容易忘記的點，可以定期回顧。
因為工作量過重或工時過長而感到疲憊和壓抑。,分析工作的優先順序，並探尋工作效率提升的方法。,建議您首先列出所有任務，然後按照重要性和緊急性進行排序。尋找可以提高工作效率的方法或工具，並適當地與上司或同事交流，分享您的工作負擔。
與同學、同事或上司之間的衝突和誤解。,客觀地了解雙方的立場，進行理性的對話。,建議您先從事實和具體情況入手，與對方進行溝通。避免情感化，尋求共識，共同解決問題。
擔心自己的職業前景或在工作中的表現。,基於事實和分析，對自身進行評估。,建議您定期進行自我評估，確定自己的優點和需要改進的地方。可以考慮參加相關的培訓或研討會，提高自己的專業技能。
擔心自己的學業成績不佳或未達到父母的期望。,客觀分析成績背後的原因，並制定計劃進行改善。,建議您深入分析學習方法是否正確，是否有合適的學習環境，並與老師或同學交流，了解他們的學習策略。同時，與父母交流，讓他們了解您的努力和計劃。
新生或新員工可能難以適應新的環境或文化。,重視事實的分析，與環境和文化的深入了解。,新的環境和文化確實需要時間來適應。從事實上看，人需要一段時間來認識、理解並適應新的環境。對於新生或新員工，建議他們多觀察、多學習，並在適當的時機尋求資深人員的指導。從細節出發，逐步了解並融入新的環境和文化中。
擔心工作場所的內部政治或競爭。, 謹慎分析，基於事實的觀察。,內部政治和競爭是大多數工作場所的現實。重要的是要基於事實進行觀察，不要過於擔憂。通過與同事建立良好的關係、保持專業態度並努力工作，可以減少這方面的焦慮。記住，注重自己的表現和貢獻是最主要的。
學生可能擔心畢業後的生活方向，員工則擔心退休後的計畫。,分析未來可能的情境，做出有根據的計畫。,未來的不確定性確實是一個挑戰。但通過詳細分析和計劃，可以減少這方面的擔憂。學生可以尋求職業指導，研究市場趨勢，制定職業計畫。員工則可以根據自己的財務和生活目標，提前做好退休計畫。
面對大量的資料、電郵或任務，感到不知所措。,系統性的分析與整理，確保高效處理。, 面對大量的資料或任務，首先需要有一個清晰的組織策略。建議使用工具或方法，如待辦事項列表、時間管理技巧等，來確保有效地處理。對於電郵，可以定期整理並設定適當的標籤，以確保能夠迅速找到所需的信息。
難以平衡工作、休閒和家庭生活。,綜合分析各方面的需求，確保健康的生活平衡。,平衡工作、休閒和家庭生活確實是一個挑戰。建議制定一個合理的時間表，確保各方面都得到照顧。在工作上，設定優先順序，避免過度工作。在家庭和休閒方面，確保質量而非數量，並確保自己有足夠的休息和放鬆時間。
擔心學費、生活開銷或失業。,重視實際數據和長期規劃。,根據可用的財務資料，建議您建立一份詳細的預算表，並定期檢視和調整。為了應對失業的風險，您可以提前儲備3-6個月的生活費用作為緊急儲備。
由於壓力和過度工作，可能導致身體健康出現問題。,健康的數據分析與自我調節。,建議定期進行身體健康檢查，並且採取適當的休息和調整工作節奏。分析你的工作模式，找出可能的壓力源，然後制定策略來減少或管理這些壓力。
設定了過高的標準和目標，導致自我壓迫感。,目標合理性的分析與調整。,建議您詳細評估設定的標準和目標，確認它們是否可實現和符合現實情境。如果感覺過度壓迫，可以逐步調整期望，或分階段實現目標。
難以找到工作和休閒之間的平衡。,優先排序與時間管理。,分析您每天的時間分配，並確定工作和休閒活動的優先順序。建議設定固定的休息時段，以確保生活和工作之間的平衡。
難以理解或吸收新的知識或技能。,系統化的學習策略與持續反饋。,建議您採取分步學習法，將大型知識切分成小段，逐一吸收。此外，定期檢查和測試自己的理解，並尋求外部反饋。
與團隊成員之間存在意見不合或溝通困難。,客觀的事實分析與開放的溝通。,建議您先確定意見不合的核心問題，然後開放地與團隊成員溝通，提供事實和分析，尋找共同的解決方案。
隨著科技的發展和職業市場的變化，如何選擇一個有前途且穩定的職業路徑？,謹慎分析市場趨勢和數據。,首先，要對當前市場進行深入研究，識別那些具有持續需求的行業或職位。參考資料和統計數據能提供關於哪些行業正在成長的信息。其次，考慮未來的技術發展如何影響這些行業，然後再選擇。
面對經濟衰退或金融市場的波動，如何管理自己的財務和投資？,基於事實和分析制定保守策略。,增加現金儲備，以應對可能的金融困難。多元化投資組合以分散風險。避免衝動購買或銷售。長期持有資產，不要受到短期市場波動的影響。
擔心家園受到氣候變遷的威脅，如何適應或減少其影響？,根據科學研究採取預防措施。,考慮搬到較不受氣候變遷影響的地區。改善住房結構，使其能夠抵抗氣候相關的災害。減少碳足跡，例如使用太陽能。
隨著新的疾病或流行病的出現，如何確保自己和家人的健康？,依賴確定的科學知識和預防措施。, 定期更新疫苗和接種。遵循衛生建議，如勤洗手。保持身體健康，增強免疫系統。
擔心AI技術可能取代人類的工作，如何增強自己的競爭力？, 深入瞭解技術的發展，並持續學習。,學習和掌握AI與人工智慧相關的技能。培養批判性思考和人際交往能力，這些是機器難以取代的。
恐懼與伴侶、家人或朋友的關係可能破裂或改變。,基於事實分析情感和行為。,定期與他們溝通，確定彼此的需求和期望。考慮尋求專業輔導或治療。
如何教育子女，使他們在未來的世界中具備競爭力？,根據教育研究制定策略。,提供多元化的學習環境，鼓勵批判性思考。教授技能，而不僅僅是知識。
不確定性可能導致焦慮、抑鬱等心理健康問題，如何妥善應對？,尋找事實基礎的策略。,學習放鬆和冥想技巧。如果情緒問題持續，尋求專業輔導或治療。
擔心政府政策的改變可能影響到個人的權益或生活。,基於政策分析進行評估。,關注可靠的新聞源，了解政策變化。參與公共事務，影響政策制定。
如何保護自己在網絡上的隱私和數據？,基於安全專家的建議制定策略。,使用強密碼並定期更改。不要在不安全的網絡上進行敏感操作。使用VPN和加密工具保護數據。
在不確定的經濟環境中，如何做好退休的準備？, 謹慎與前瞻,首先，進行一個詳細的退休資金計劃，考慮通脹和預期壽命等變數。其次，考慮多元化的投資策略，以分散風險。定期檢視和調整您的投資組合以確保其適應經濟環境的變化。最後，留意政府的相關福利政策，以確保您能充分利用。
是否需要因社會不安或天然災害而搬家？,分析驅動, 評估目前所在地的風險因子，如災害發生的頻率、社區的安全狀況等。與此同時，研究其他潛在的居住地，並比較其安全性和生活品質。基於這些資料，做出明確的決策。
在全球化的背景下，如何保持和確定自己的文化和身份？,反思和堅定,不斷學習和了解自己的文化，參與文化活動。與有相同背景的社群互動，以鞏固自己的文化身份。同時，保持開放態度，尊重其他文化，從中汲取精華。
如何確保自己的技能和知識不被時代淘汰？,主動學習, 定期參加培訓課程和研討會，追?業界的最新發展。主動尋找學習資源，如在線課程、書籍等，並設定學習目標。
面對基因編輯等技術，如何決定什麼是道德上可接受的？,深入思考,詳細研究這些技術的潛在影響，從科學、倫理和社會角度。尋求不同的觀點，進行開放和坦誠的討論，最後基於所有資訊做出明智的決策。
在資訊爆炸的時代，如何過濾和選擇真正有用的資訊？,批判思考, 建立一套評估資訊來源的準則。學會區分事實和意見，並從多個來源驗證資訊的真實性。定期檢視和更新您的資訊來源，以確保其可靠性。
如何平衡自己的需要和他人的期望？,客觀理性。,平衡自己的需要和他人的期望需要首先了解自己的核心需求，並通過有效的溝通和妥協來達到平衡。
感到孤單或被遺棄時，該如何尋求支持？,事實基礎、詳細分析。,當感到孤單或被遺棄時，可以1)參加社交活動或小組 2)尋找心理輔導或治療 3)與互相信賴的朋友或家人交談。
如何處理失去摯愛的傷痛？,客觀理性、注重分析思考。, 處理失去摯愛的傷痛需要時間和空間去哀悼。有效的方法包括: 1)允許自己哀傷 2)尋求專業的心理支持 3)與親朋好友分享自己的感受。
有沒有什麼方法或活動幫助走出低潮或感到舒緩？,事實基礎、詳細分析。,幫助走出低潮的方法或活動包括: 1)參加體育運動或休閒活動 2)練習冥想或瑜伽 3)旅遊或更換環境 4)尋找新的嗜好或學習新技能。
開始吃新的藥嚴肅且警戒。物後，出現不適或副作用。,注重詳細分析，考慮各種可能性。, 藥物的副作用因人而異。請詳細記錄出現的症狀，並及時與開處方的醫生溝通，以確定是否需要調整或更換藥物。
害怕自己因為疾病被他人所拋棄。,從情感和實際情況出發，提供理性建議。,疾病確實可能對人際關係產生影響，但真正的親朋好友會理解和支持。建議您與家人和朋友坦誠相對，並考慮心理諮詢提供額外的支持。
不知道該不該相信醫生說的話。,提倡資訊的多元性和透明性。,在醫學上，總是建議病人在面對重大醫療決策時可以尋求第二意見。這不僅可以確保您獲得最佳的建議，還可以使您更有信心。
覺得自己的身體一天不如一天。,從事實和詳細的病史分析出發，提供具體的建議。,身體的變化可能受到多種因素的影響，如飲食、運動、壓力等。建議您記錄具體症狀和持續時間，並及時諮詢醫生進行詳細檢查。
當自我認同和價值觀需要調整或變革時，感到極大的不安和抗拒。,客觀地分析變革的必要性和可能的後果。,進行變革不一定是壞事，重要的是明確知道變革的原因。如果變革確實是必要的，則應該勇敢地面對和接受。
在某些情境下感覺需要隱藏真實的自己或假裝成另一個人，以適應外部環境或他人的期望。, 客觀地分析情境和自己的感受，並尋找平衡。,認識到自己的真正價值和認同是非常重要的。如果經常感到需要假裝，則可能需要重新評估自己的價值觀和生活環境。
回顧過去，對於曾經基於自我認同或價值觀做出的決策感到後悔或自我譴責。,客觀地評估過去的決策，並從中學習。,人都會犯錯，重要的是從錯誤中學習。接受自己的過去，並努力做得更好。
擔心他人無法真正理解或接受自己的真實身份或價值觀，導致與人隔膜。,客觀地分析他人的看法，並確定自己的價值和立場。,每個人都有他們的觀點和價值觀，不可能每個人都接受和理解。重要的是確保自己清楚自己的價值和認同，並與真正理解和支持的人建立關係。
面對新技術或工具時，感到困惑或不安。,逐步學習和實踐。,建議您先從基礎開始學習新技術，逐步熟悉其功能和使用方法。實際操作和實踐也可以幫助您建立信心。
害怕批評或擔心自己的能力不足。,客觀接受並持續自我提升。,批評可以視為一種反饋，幫助您發現自己的不足。建議您客觀分析批評，確定可改進之處，並制定計劃進行提升。
因為工作需求而忽略家庭，或者因家庭問題而無法集中精力工作。,工作和家庭平衡的優先管理。,建議您確定工作和家庭的優先順序，制定時間表確保兩者都得到適當的關注。必要時，與家人溝通工作的需求和壓力，尋求他們的理解和支持。
長時間的重複工作或缺乏激勵，導致感到無聊或失去工作的熱情。,職業激情的再發掘與工作的變革。,分析工作中的重複性質，探索是否可以進行優化或變革。此外，設定中短期目標，找到新的學習和成長機會，以保持自己的工作熱情。
在政治動盪或疾病爆發的時期，如何安全地旅行？,資訊驅動,參考官方旅遊警告和建議，研究目的地的安全情況。制定詳細的行程計劃，選擇可靠的交通工具和住宿。確保旅行保險包括相應的覆蓋範圍，並始終保持與家人和朋友的聯繫。
如何應對食水、食物或其他基本資源可能的短缺？,預防為主,研究並採取節約資源的方法，如收集雨水、種植家庭菜園等。與鄰居和社區合作，分享資源和資訊。存儲一些緊急供應，如瓶裝水和非易腐食品。
如何在多元文化的社會中保持和諧的宗教和信仰關係？,尊重和理解,花時間學習和了解不同的宗教和信仰，參與跨文化的活動。保持開放的溝通，避免偏見和刻板印象。在對話中，強調共同點而不是差異。
在快速變化的世界中，如何找到和確定自己的價值和位置？, 反思和自我探索,定期進行自我評估，確定您的興趣、價值觀和目標。尋找和建立一個支持您的社群或網絡。不斷學習和適應，同時保持對自己的信心和堅定的價值觀。
